"gear","n","percent","cumulative.percent"
"baited_hoop_net",30609,39.4710372930314,39.4710372930314
"boat_electrofishing",24206,31.2142157115593,70.6852530045907
"unbaited_hoop_net",12401,15.9913859802961,86.6766389848868
"antenna_temporary",10332,13.3233610151132,100
"baited_hoop_net",25894,33.3909320678805,40.6422651933702
"boat_electrofishing",22589,29.1290555526899,76.0971245605224
"unbaited_hoop_net",10491,13.5283953164492,92.5634103465595
"antenna_temporary",4738,6.10976427502966,100
