"gear","n","percent","cumulative.percent"
"baited_hoop_net",30608,39.6061127573401,39.6061127573401
"boat_electrofishing",23977,31.0257372446009,70.631850001941
"unbaited_hoop_net",12367,16.002639717395,86.6344897193359
"antenna_temporary",10329,13.3655102806641,100
"baited_hoop_net",25893,33.5050012292802,40.7911527009783
"boat_electrofishing",22391,28.97348636793,76.0653465034579
"unbaited_hoop_net",10458,13.5324335865219,92.5406052585976
"antenna_temporary",4735,6.12699111036348,100
