"gear","n","percent","cumulative.percent"
"baited_hoop_net",30595,39.6364767000479,39.6364767000479
"boat_electrofishing",23977,31.0627161901307,70.6991928901787
"unbaited_hoop_net",12367,16.021712938372,86.7209058285507
"antenna_temporary",10250,13.2790941714493,100
"baited_hoop_net",25880,33.5280933811813,40.8111773425427
"boat_electrofishing",22391,29.0080192773582,76.1204150503043
"unbaited_hoop_net",10458,13.548562619026,92.6120415050304
"antenna_temporary",4685,6.06951767738927,100
